{"cameraMode":{"drawMode":0,"name":"Shaded","section":"Shading Mode"},"sceneLighting":true,"audioPlay":false,"sceneViewState":{"m_AlwaysRefresh":false,"showFog":true,"showSkybox":true,"showFlares":true,"showImageEffects":true,"showParticleSystems":true,"showVisualEffectGraphs":true,"m_FxEnabled":true},"in2DMode":false,"pivot":{"x":2.752483367919922,"y":4.8358612060546879,"z":6.107285022735596},"rotation":{"x":0.15420302748680116,"y":0.005098000634461641,"z":-0.0005847829743288457,"w":0.9881059527397156},"size":27.56141471862793,"orthographic":false}