{"cameraMode":{"drawMode":0,"name":"Shaded","section":"Shading Mode"},"sceneLighting":false,"audioPlay":false,"sceneViewState":{"m_AlwaysRefresh":false,"showFog":true,"showSkybox":false,"showFlares":true,"showImageEffects":true,"showParticleSystems":true,"showVisualEffectGraphs":true,"m_FxEnabled":true},"in2DMode":false,"pivot":{"x":-10.349763870239258,"y":0.5699999928474426,"z":-0.11880922317504883},"rotation":{"x":-0.1599685251712799,"y":0.04320451617240906,"z":-0.007000928279012442,"w":-0.9861741662025452},"size":0.08660265803337097,"orthographic":false}